id,first_name,last_name,email,phone_no
1,Kimberly,Thormwell,kthormwell0@storify.com,283-967-6369
2,Lucita,Dmisek,ldmisek1@google.co.uk,423-652-7747
3,Elliott,Battams,ebattams2@sitemeter.com,867-248-1940
4,Polly,Eaglestone,peaglestone3@webs.com,857-162-2824
5,Catina,Domenici,cdomenici4@statcounter.com,870-941-0387
6,Elene,Orrah,eorrah5@google.com.au,734-271-5791
7,Cari,Christopher,cchristopher6@mtv.com,202-814-2284
8,Lauree,Gennings,lgennings7@usa.gov,713-327-9938
9,Mia,Paolucci,mpaolucci8@paginegialle.it,587-781-9205
10,Willdon,Danovich,wdanovich9@xrea.com,129-555-5459
11,Brnaby,Clarke,bclarkea@timesonline.co.uk,991-202-0438
12,Mathew,Foxwell,mfoxwellb@chicagotribune.com,870-686-1561
13,Wrennie,Georgievski,wgeorgievskic@edublogs.org,726-304-6656
14,Xylia,Ibarra,xibarrad@newsvine.com,461-355-8188
15,Gray,Wontner,gwontnere@wix.com,964-223-5289
16,Spencer,Gostridge,sgostridgef@smh.com.au,344-495-5082
17,Ignace,Steers,isteersg@github.com,414-481-7083
18,Lola,Bernat,lbernath@sakura.ne.jp,251-905-7903
19,Merrily,Kirkpatrick,mkirkpatricki@trellian.com,521-313-7706
20,Emlyn,Bracknell,ebracknellj@discovery.com,219-320-4602
21,Ned,Kovacs,nkovacsk@qq.com,159-903-7949
22,Evonne,Delafont,edelafontl@phpbb.com,964-984-3069
23,Zita,Wignall,zwignallm@ameblo.jp,750-638-7610
24,Alyss,Camel,acameln@wikipedia.org,886-843-8954
25,Cicily,Eck,cecko@ebay.com,993-663-7787
26,Pegeen,Tyre,ptyrep@rakuten.co.jp,901-459-1604
27,Maxy,Lilian,mlilianq@whitehouse.gov,695-458-2282
28,Hurlee,Maystone,hmaystoner@zimbio.com,948-833-7710
29,Jody,Boss,jbosss@forbes.com,350-467-6851
30,Leora,Chasson,lchassont@cisco.com,515-415-2778
31,Lombard,Iuorio,liuoriou@google.com.au,943-227-2829
32,Binny,Sleit,bsleitv@ed.gov,709-729-1952
33,Devin,Kittless,dkittlessw@ameblo.jp,595-655-7689
34,Benton,Alpes,balpesx@paginegialle.it,517-448-1107
35,Denny,Gammons,dgammonsy@google.nl,703-586-5562
36,Maxim,Novelli,mnovelliz@usnews.com,738-820-7320
37,Chicky,Sherrock,csherrock10@blogs.com,299-719-4144
38,Patricio,Connar,pconnar11@flickr.com,130-638-6315
39,Kennith,Bagger,kbagger12@cnet.com,570-773-5165
40,Shannah,Deddum,sdeddum13@g.co,147-455-0398
41,Killy,Stilwell,kstilwell14@icio.us,578-665-1842
42,Etienne,Kenworthey,ekenworthey15@businessweek.com,204-473-2130
43,Susan,Ouldred,souldred16@noaa.gov,733-174-7888
44,Mohandas,O'Kinedy,mokinedy17@mozilla.org,401-598-3029
45,Paolina,MacAlaster,pmacalaster18@nba.com,203-348-6264
46,Helli,Blumfield,hblumfield19@myspace.com,456-496-4157
47,Oberon,Chastel,ochastel1a@technorati.com,750-872-7189
48,Lena,Jessop,ljessop1b@alibaba.com,708-852-2471
49,Thia,Gomes,tgomes1c@nydailynews.com,686-220-8411
50,Dinny,Iacobetto,diacobetto1d@barnesandnoble.com,625-440-2090
51,Marven,Foystone,mfoystone1e@guardian.co.uk,551-300-1623
52,Merrick,Stonebanks,mstonebanks1f@deliciousdays.com,771-526-0554
53,Yul,Hicken,yhicken1g@ihg.com,298-910-2541
54,Nealon,Jenner,njenner1h@japanpost.jp,200-179-1451
55,Solomon,Sowrey,ssowrey1i@berkeley.edu,668-205-5040
56,Abbie,Itzhak,aitzhak1j@i2i.jp,965-781-9537
57,Chelsie,Pleager,cpleager1k@chron.com,407-109-6937
58,Delbert,Menichini,dmenichini1l@stumbleupon.com,222-267-7157
59,Giacomo,Durden,gdurden1m@abc.net.au,808-303-8286
60,Angie,Lints,alints1n@cam.ac.uk,283-693-4437
61,Alfy,Sandaver,asandaver1o@forbes.com,394-911-0027
62,Halli,Galland,hgalland1p@opera.com,211-668-7284
63,Willie,Standon,wstandon1q@shinystat.com,957-204-4553
64,Melantha,Peters,mpeters1r@mashable.com,152-970-1446
65,Almira,Luckie,aluckie1s@amazonaws.com,585-832-9924
66,Muhammad,Tribbeck,mtribbeck1t@tripod.com,265-569-7753
67,Oralla,Cogin,ocogin1u@baidu.com,791-102-8814
68,Ellette,Pownall,epownall1v@mit.edu,784-282-5640
69,Eliza,Hedley,ehedley1w@freewebs.com,355-613-4123
70,Stoddard,Gameson,sgameson1x@yahoo.com,471-419-1012
71,Editha,Petroselli,epetroselli1y@about.me,692-585-4824
72,Pepillo,Champkin,pchampkin1z@google.it,223-628-9515
73,Sonnie,Ruddick,sruddick20@github.com,141-893-4800
74,Faythe,Meakes,fmeakes21@ihg.com,216-254-0447
75,Llywellyn,Grenshiels,lgrenshiels22@addtoany.com,359-245-7885
76,Thurston,Toolan,ttoolan23@discuz.net,415-191-4862
77,Sanderson,Daniaud,sdaniaud24@businessweek.com,245-942-9449
78,Mackenzie,Kenset,mkenset25@bbc.co.uk,550-177-1369
79,Paolo,Crockley,pcrockley26@wikispaces.com,170-791-5292
80,Tobi,Oxbury,toxbury27@webs.com,485-786-8014
81,Willamina,McInnerny,wmcinnerny28@moonfruit.com,210-600-9043
82,Elva,Scolts,escolts29@slideshare.net,193-865-2179
83,Der,Hamfleet,dhamfleet2a@dropbox.com,315-808-1248
84,Miller,Martins,mmartins2b@washington.edu,327-887-2709
85,Tammara,Tomicki,ttomicki2c@newyorker.com,750-852-7613
86,Adolphe,Myott,amyott2d@cdc.gov,350-703-5949
87,Wolfie,Tooze,wtooze2e@i2i.jp,554-468-4104
88,Gwennie,Stockau,gstockau2f@prweb.com,881-983-4149
89,Seamus,Fryman,sfryman2g@cornell.edu,510-353-4050
90,Ivette,Keenleyside,ikeenleyside2h@plala.or.jp,278-230-4581
91,Valli,Burnie,vburnie2i@latimes.com,370-604-3406
92,Sandi,Pulteneye,spulteneye2j@walmart.com,988-706-3827
93,Silva,Haddow,shaddow2k@nasa.gov,442-336-7495
94,Moss,Whipp,mwhipp2l@qq.com,537-629-8206
95,Jason,Oliveti,joliveti2m@mapy.cz,483-247-3601
96,Drew,Andrich,dandrich2n@1und1.de,651-632-8721
97,Augy,Toolin,atoolin2o@spiegel.de,682-994-9919
98,Miriam,Dakers,mdakers2p@bigcartel.com,919-732-4246
99,Barnabas,Rudge,brudge2q@ucsd.edu,818-855-9237
100,Junie,MacCambridge,jmaccambridge2r@bigcartel.com,675-636-7416
